name,description
Water Clone,Instead of attacking with all of the Marro Warriors, one at a time, roll the 20-sided die for each Marro Warrior in play. If you roll a 15 or higher, place a previously destroyed Marro Warrior on a same-level space adjacent to that Marro Warrior. Any Marro Warrior on a water space needs a 10 or higher to Water Clone. You may only Water Clone after you move.
Explosion Special Attack,Range 7. Attack 3. Choose a figure to attack. Any figures adjacent to the chosen figure are also affected by Explosion Special Attack. Deathwalker only needs a clear sight shot at the chosen figure. Roll 3 attack dice once for all affected figures. Each figure rolls defense dice seperately. Deathwalker can be affected by his own Explosion Special Attack.
Range Enhancement,Any Soulborg Guards adjacent to Deathwalker add 2 spaces to their range.
Counter Strike,When rolling defense dice against a normal attack from an adjacent attacking figure, all excess shields count as unblockable hits on the attacking figure. This power does not work against other Samurai.
Thorian Speed,Opponents' figures must be adjacent to Sgt. Drake Alexander to attack him with a normal attack.
Grapple Gun 25,Instead of Sgt. Drake Alexander's normal move, he may move only one space. This space may be up to 25 levels higher. When using the Grapple Gun, all engagement rules still apply.
Double Attack,When Syvarris attacks, he may attack one additional time.
Stealth Dodge,When a Krav Maga Agent rolls defense dice against an attacking figure who is not adjacent, one shield will block all damage.
Berserker Charge,After moving and before attacking, roll the 20-sided die. If you roll a 15 or higher, you may move all Tarn Viking Warriors again.
Ghost Walk,Agent Carr can move through all figures.
Sword of Reckoning 4,If Agent Carr is attacking an adjacent figure, add 4 dice to Agent Carr's attack.
Disengage,Agent Carr is never attacked when leaving an engagement.
Zettian Targeting,When attacking, if your second Zettian Guard attacks the same figure as the first Zettian Guard, add one attack die to the second Zettian Guard's attack.
Grenade Special Attack,Range 5. Lob 12. Attack 2. Use this power once per game. Start the game with a grenade marker on this card. Remove the marker to throw grenades. One at a time do the following with each Airborne Elite: Choose a figure to attack. No clear line of sight is needed. Any figures adjacent to the chosen figure are also affected by the Grenade Special Attack. Roll 2 attack dice once for all affected figures. Each figure rolls defense dice seperately.
The Drop,Airborne Elite do not start the game on the battlefield. At the start of each round, before you place Order Markers, roll the 20-sided die. If you roll a 13 or higher you may place all 4 Airborne Elite figures on any empty spaces. You cannot place them adjacent to eachother or other figures or on glyphs.
Attack Aura 1,All friendly figures adjacent to Finn with a range of 1 add 1 die to their normal attack.
Warrior's Attack Spirit 1,When Finn is destroyed, place this figure on any unique Army Card. Finn's Spirit adds 1 to the normal attack number on that card.
Warrior's Armor Spirit 1,When Thorgrim is destroyed, place this figure on any unique Army Card. Thorgrim's Spirit adds 1 to the defense number on that card.
Defensive Aura 1,All friendly figures adjacent to Thorgrim add 1 die their defense.
Defensive Aura,All figures you control within 4 clear sight spaces of Raelin add 2 to their defensive dice. Raelin's Defensive Aura does not affect Raelin.
Flying,When counting spaces for Raelin's movement, ignore elevations. Raelin may fly over water without stopping, pass over figures without becoming engaged, and fly over obstacles such as ruins. When Raelin starts to fly, if she is engaged she will take any leaving engagement attacks.
Fire Line Special Attack,Range: Special. Attack: 4. Choose 8 spaces in a straight line from Mimring. All figures on those spaces who are in line of sight are affected by Mimring's Fire Line Special Attack. Roll 4 attack dice once for all affected figures. Affected figures roll defense dice seperately.
Mind Shackle 20,After moving and before attacking, you may choose any unique figure adjacent to Ne-gok-sa. Roll the 20-sided die. If you roll a 20, take control of the chosen figure and that figure's Army Card. You now control that Army Card and all figures on it. Remove any Order Markers on this card. If Ne-gok-sa is destroyed, you retain control of any previously Mind Shackled Army Cards.
Chomp,Before attacking, choose one medium or small figure adjacent to Grimnak. If the chosen figure is a Squad figure, destroy it. If the chosen figure is a Hero figure, roll the 20-sided die. If you roll a 16 or higher, destroy the chosen Hero.
Orc Warrior Enhancement,All friendly Orc Warriors adjacent to Grimnak roll an additional attack die and an additional defense die.
Deadly Shot,When attacking with Omnicron Snipers, any skull rolled counts as one additional hit.
Attack Aura,All figures you control within 4 clear sight spaces of Taelord get +1 to attack. Taelord's Attack Aura does not affect Taelord.
Stealth Flying,When counting spaces for Taelord’s movement, ignore elevations. Taelord may fly over water without stopping, pass over figures without becoming engaged, and fly over obstacles such as ruins. When Taelord starts to fly, if he is engaged he will not take any leaving engagement attacks.
Healing Touch,After moving and before attacking, choose a wounded hero figure adjacent to Kelda. Then roll the 20-sided die to add or remove wound markers from the chosen figure's card: If you roll 1, add 2 markers. If you roll 2-5, remove one marker. If you roll 6-17, remove up to 2 markers. If you roll 18-20, remove all markers.
Soldier Leadership,All Soldiers you control move one additional space.
Soldier Attack Enhancement,All friendly Soldiers adjacent to Marcus Decimus Gallus receive an additional attack die.
Scout Leadership,All Scouts you control can move an additional 2 spaces.
Frenzy Enhancement,Add 1 to your die roll when you roll for the Frenzy power on any Army Card.
Slither,Venoc Warlord does not have to stop his movement when entering water spaces.
Frenzy,After you take a turn with Venoc Vipers; roll the 20-sided die. If you roll a 16 or higher you may take another turn with Venoc Vipers.
Warlord Bonding,Before taking a turn with Roman Legionnaires, you may first take a turn with any Warlord you control.
Shield Wall,When defending with a Roman Legionnaire, add 1 defense die for each other adjacent Roman Legionnaire up to a maximum of +2 dice, for the Shield Wall power.
Arrow Volley Special Attack,Range 6. Attack 6. Three unengaged adjacent Roman Archers on the same level may combine their attacks and roll their attack dice as one attack. All Roman Archers in the Arrow Volley must have a clear line of sight on the one target.
Beast Bonding,Before taking a turn with Arrow Gruts, you may first take a turn with any Beast you control.
Orc Champion Bonding,Before taking a turn with Blade Gruts, you may first take a turn with any Orc Champion you control.
Relentless Assault,Each friendly figure adjacent to Khosumet with a relentless personality receives an additional attack die.
Unleashed Fury Enhancement,You may add 1 to your die roll when you roll for the Unleashed Fury power on any Army Card.
A Coward's Reward,Sir Denrick rolls one additional die against each figure leaving an engagement with him.
Giant Killer,When Sir Denrick attacks huge figures, add 2 attack dice.
Paralyzing Stare 16,After moving and before attacking, choose any small or medium figure within 6 clear sight spaces of Me-Burq-Sa. Roll the 20-sided die. If you roll a 16 or higher, the chosen figure cannot roll any defense dice if attacked by Me-Burq-Sa this turn.
Wounded Smash,When Krug attacks, he receives one extra attack die for each wound marker he has.
Utgar's Orders,Instead of taking a turn with the Minions of Utgar, you may take a turn with any Kyrie Warrior you control who follows Utgar.
Deadly Strike,When attacking with Minions of Utgar all skulls rolled count for one additional hit. 
Hive Swarm,Before moving Marro Drones, roll the 20-sided die. If you roll 1 - 12, you may move and attack with up to 3 Marro Drones you control. If you roll 13 - 16, you may move and attack with up to 6 Marro Drones you control. If you roll 17 - 20, you may move and attack with up to 9 Marro Drones you control.
Human Champion Bonding,Before taking a turn with the Knights of Weston, you may first take a turn with any Human Champion you control.
Orc Archer Enhancement,All friendly Orc Archers adjacent to a Swog Rider receive an additional attack die and an additional defense die.
Wait Then Fire,If none of the 4th Massachusetts Line move this turn, add 1 die to their attack.
Valiant Army Defense Bonus,If every Army Card you control has a valiant personality, each soldier in the 4th Massachusetts Line recieves 1 additional defense die.
Unleashed Fury,Before moving, roll the 20-sided die. If you roll a 1, choose an Anubian Wolf you control and destroy it. If you roll a 2 - 6, add 1 to the attack value on this card. If you roll a 7 - 11, add 2 to the attack value on this card. If you roll a 12 - 15, add 3 to the attack value on this card. If you roll a 16 - 19, add 4 to the attack value on this card. If you roll a 20, add 8 to the attack value on this card.
Spear of Summoning,After moving and before attacking, choose any figure you control on the battlefield, then roll the 20-sided die. If you roll a 1-8, nothing happens. If you roll a 9-20, move the chosen figure to any space adjacent to Saylind. If the summoned figure is engaged, the figure does not receive any leaving engagement attacks.
Shotgun Blast Special Attack,Range 5. Attack 3. Choose a figure to attack. Any figures adjacent to the chosen figure are also affected by the Shotgun Blast Special Attack. Johnny only needs a clear sight shot at the chosen figure. Roll attack dice once for all affected figures. Each figure rolls defense dice separately. Johnny cannot be affected by his own Shotgun Blast Special Attack.
Self-Destruct,After moving and instead of attacking, Deathwalker may choose to self-destruct. Roll the 20-sided die to determine if any other figures are wounded. If you roll a 1-3, all adjacent figures are safe. If you roll a 4-15, each adjacent figure receives 2 wounds. If you roll a 16-19 each adjacent figure receives 4 wounds. If you roll a 20, each adjacent figure receives 8 wounds. After using this power, Deathwalker is always destroyed.
Knight and Sentinel Enhancement,All friendly Knights and Sentinels adjacent to Concan roll an additional attack die and an additional defense die.
Overextend Attack,After taking a turn with Alastair MacDirk, you may place a wound marker on Alastair MacDirk and take another turn with him.  You may only use this power once during a round.
Shields of Valor,When defending with Sentinels of Jandar, each shield rolled counts for one additional block.
Wild Pack Movement,Before moving, roll the 20-sided die. If you roll a 1-3, add 1 to the move value of this card. If you roll a 4-6, add 3 to the move value of this card. If you roll a 7-20, add 7 to the move value of this card.
Marro Plague,After moving and before attacking, you must roll the 20-sided die once for each figure adjacent to any Marrden Hounds you control. If you roll a 16 or higher, that figure receives a wound. Soulborgs and Wulsinu are not affected by the Marro Plague.
Tough,When rolling defense dice against a normal attack, Gorillinators always add one automatic shield to whatever is rolled.
Stealth Armor 15,When a Microcorp Agent receives one or more wounds, before removing that agent, roll the 20-sided die. If you roll a 15 or higher, ignore any wounds.
Water Suits,Microcorp Agents do not have to stop their movement when entering a water space. Add 2 to a Microcorp Agent's defense while he is on a water space.
Sighting,When a Microcorp Agent is attacking with a height advantage, he rolls an additional attack die
Highland Fury,At the start of the game, choose a Human Champion you control. While that champion is in play, MacDirk Warriors roll one additional attack die for each wound marker on the chosen hero. There can be only one Chosen Human Champion for all the MacDirk Warriors you control. MacDirk Warriors cannot attack their Chosen Human Champion.
Shaolin Assault,A Shaolin Monk may attack any or all figures adjacent to him. Roll each attack separately.
Stealth Leap,Instead of their normal move, any or all Shaolin Monks may Stealth Leap. Stealth Leap has a move 3. When counting spaces for a Monk's leaping movement, ignore elevations. A Monk may leap over water without stopping, pass over figures without becoming engaged, and leap over obstacles such as ruins. A Monk may not leap more than 12 levels up or down in a single leap. If a Monk is engaged when he starts to leap, he does not take any leaving engagement attacks.
Improved Cyberclaw,All small, medium or large opponent's figures that enter or occupy a space adjacent to Major X17 may not move. Figures affected by the Cyberclaw cannot be moved by any special power on an Army Card or Glyph.
Melee Defense 4,When rollling defense dice against a normal attack from an adjacent figure, Major X17 adds 4 dice.
First Assault 3,When attacking with Valguard, if the defending figure was not adjacent to Valguard at the start of this turn, Valguard receives 3 additional attack dice.
Berserker Charge Enhancement,Add 1 to your die roll when you roll for the Berserker Charge power on any Army Card.
Disciplined Influence,At the start of the game, you may choose any Unique Army Card you control. For this game the chosen card's personality is disciplined, regardless of what is listed on the card.
Sacred Band Defy Death 15,When an adjacent Sacred Band figure receives one or more wounds, roll the 20-sided die before removing that figure. If you roll a 15 or higher, ignore any wounds.
Rod of Negation,Start the game with 3 brown(gold) Negation Markers on this card. At the end of the turn, if you have at least 1 Negation Marker on this card, you may choose any opponent's unique figure within 6 clear sight spaces of Morsbane. Roll the 20-sided die. If you roll a 1-15, nothing happens. If you roll a 16-19, place a Negation Marker on the chosen figure's Army Card. All of that figure's special powers are negated for the entire game. If you roll a 20, destroy the chosen figure.
Stare of Store,Instead of attacking, choose any figure within 4 clear sight spaces of Sudema. Roll the 20-sided die. If the chosen figure is a Squad figure and you roll a 7 or higher, destroy it. If the chosen figure if a Hero figure and you roll a 17 or higher, destroy the chosen Hero.
Ullar Enhanced Rifle Special Attack,Range 10. Attack 1. Choose a small or medium figure to attack. The chosen figure cannot roll defense dice when attacked by Deadeye Dan's Ullar Enhanced Rifle Special Attack. Deadeye Dan may not use this special attack if he moved this turn.
Sharpshooter,Instead of attacking, you may choose any non-adjacent figure within 10 clear sight spaces of Deadeye Dan. Roll the 20-sided die. If you roll a 19 or 20, the chosen figure is destroyed. If you roll a 1-18, you missed. Deadeye Dan may not use this special power if he moved this turn.
Bloodlust,For every opponent's figure a Tagawa Samurai destroys, place a purple Experience Marker on this card. When attacking with Tagawa Samurai, roll one additional attack die for each Experience Marker on this card. A maximum of 3 Experience Markers can be placed on this card.
Cyberclaw,All small or medium opponent's figures that enter or occupy a space adjacent to any Gladiatron may not move. Figures affected by the Cyberclaw cannot be moved by any special power on an Army Card or Glyph.
Melee Defense 1,When rolling defense dice against a normal attack from an adjacent figure, a Gladiatron adds 1 die.
Einar Warlord Bonding,Before taking a turn with Sacred Band, you may first take a turn with any Warlord you control who follows Einar.
Disciplined Army Defense Bonus,If every Army Card you control has a Disciplined personality, each soldier in the Sacred Band receives 1 additional defense die.
Ullar Warlord Bonding,Before taking a turn with Armoc Vipers, you may first take a turn with any Warlord you control who follows Ullar.
Carry,Before moving Brunak, choose an unengaged friendly small or medium figure adjacent to Brunak. After you move Brunak, place the chosen figure adjacent to Brunak.
Blood Hungry Special Attack, Range 1. Attack 4. If Brunak's Blood Hungry Special Attack destroys a figure, Brunak may attack again with his Blood Hungry Special Attack. Brunak may continue attacking with his Blood Hungry Special Attack until he does not destroy a figure.
Lava Resistant,Brunak never rolls for molten lava damage or lava field damage and he does not have to stop in molten lava spaces
Rapid Fire Special Attack,Range 7. Attack 3. If Deathwalker's Rapid Fire Special Attack inflicts a wound, he may attack again with his Rapid Fire Special Attack. Deathwalker may continue attacking with his Rapid Fire Special Attack until he does not inflict a wound.
Crippling Gaze 15,Before moving, you may choose a figure within 5 clear sight spaces of Dünd. Roll the 20-sided die. If you roll a 15 or higher remove all order markers on the chosen figure's army card (or cards if your opponent has more than one common card for that figure).
Hive Supremacy,Anytime you roll the 20-sided die for a Marro or Wulsinu Army Card, you may add 1 to your die roll.
Poisonous Acid Breath,Instead of attacking, you may choose up to 3 different small or medium figures within 4 clear sight spaces of Braxas. One at a time, roll the 20-sided die for each chosen figure. If the chosen figure is a Squad figure and you roll an 8 or higher, destroy it. If the chosen figure is a Hero figure and you roll a 17 or higher, destroy the chosen Hero. (since this is not an attack, engagement rules do not apply)
Wild Swing Special Attack,Range 1. Attack 4. Choose a figure to attack. Any figures adjacent to the chosen figure are also affected by the Wild Swing Special Attack. Roll attack dice once for all affected figures. Each figure rolls defense dice separately. Jotun cannot be affected by his own Wild Swing Special Attack.
Throw 14,After moving and before attacking, choose one small or medium non-flying figure adjacent to Jotun. Roll the 20-sided die. if you roll a 14 or higher, you may throw the figure by placing it on any empty space within 4 spaces of Jotun. The figure must land within clear sight of Jotun. After the figure is placed, roll the 20-sided die for throwing damage. If you roll an 11 or higher, the thrown figure receives 2 wounds. If the figure is thrown onto a level higher than the height of Jotun or onto water, do not roll for throwing damage. The thrown figure does not take any leaving engagement attacks.
Queglix Gun Special Attack,Range 6. Attack 1, 2 or 3. Major Q9 starts each turn with 9 attack dice. Choose any figure within range and attack by rolling 1, 2 or 3 attack dice. Major Q9 may keep making special attacks with 1, 2 or 3 attack dice until he has rolled all 9 attack dice. Major Q9 may target the same or different figures with each attack.
Ice Shard Breath Special Attack,Range 5. Attack 4. When Nilfheim attacks with his Ice Shard Breath Special Attack, he may attack 2 additional times. He cannot attack the same figure more than once.
Evil Eye Defense,When rolling defense dice against a normal attack from a non-adjacent attacking figure, all excess shields count as unblockable hits on the attacking figure.
Tetsubo Special Attack,Range 1. Attack 3. Choose a figure to attack. You may also choose one figure adjacent to the targeted figured to be attacked by the Tetsubo Special Attack as well. Roll attack dice once for both figures. Each figure rolls defense dice separately.
Poison Sting Special Attack,Range 1. Attack 4. If Sujoah inflicts at least 1 wound with Poison Sting Special Attack, roll the 20-sided die for Poison Damage. If you roll 1-9, the defending figure receives no additional wounds for Poison Damage. If you roll 10-19, add 1 additional wound marker to the defending figure's Army Card, and roll again for Poison Damage. If you roll a 20, destroy the defending figure.
Coil Crush,When attacking a small, medium or large figure, if Wo-Sa-Ga inflicts at least 2 wounds, roll the 20-sided die. If you roll a 15 or higher, destroy the defending figure.
Majestic Fires Special Attack,Range 7. Attack 3. Choose a figure to attack. Any figures adjacent to the targeted figure are also affected by Majestic Fires Special Attack. Common Squad figures roll 2 less defense dice against Majestic Fires Special Attack. Roll attack dice once for all affected figures. Each figure rolls defense dice separately. Zelrig cannot be affected by his own Majestic Fires Special Attack.
Whirlwind Assault,Raelin may attack any or all figures adjacent to her. Roll each attack separately.
Extended Defense Aura,All figures you control within 6 clear sight spaces of Raelin add 1 to their defense dice. Raelin's Extended Defensive Aura does not affect Raelin.
Grapple Arm,Instead of his normal move, Sgt. Drake Alexander may use his Grapple Arm. Grapple Arm has a move of 4. When counting spaces for Grapple Arm, ignore elevations. Drake may grapple over water without stopping, over figures wtihout becoming engaged, and over obstacles such as ruins. Drake may not grapple more than 45 levels up or down in a single Grapple Arm move. If Drake is engaged when he starts his Grapple Arm move, he will take any leaving engagement attacks.
Pistol Fire Special Attack,Range 5. Attack 3. Drake may not use Pistol Fire Special Attack to attack a figure who follows Jandar.
Dragon Healing,Before moving, you may choose a wounded Hero figure within 4 clear sight spaces of Sonlen. Roll the 20-sided die. If you roll a 15 or higher, remove one Wound Marker from the chosen Hero's Army Card. Sonlen's Dragon can use its Dragon Healing on Sonlen.
Dragon Swoop,After moving and before attacking, you may choose any figure within 4 clear sight spaces of Sonlen. Roll the 20-sided die. If you roll a 15 or higher, the chosen figure receives one wound.
Machine Pistol Special Attack,Range 7. Attack 2. Major Q10 may use this special attack 4 times in the same turn. Q10 may target the same figure or a different figure with each attack.
Wrist Rocket Special Attack,Range 4. Attack 4. Major Q10 may use this special attack 2 times in the same turn. Q10 may target the same figure or a different figure with each attack.
Concentrated Will,If Shiori has only one unrevealed order marker on her Army Card, add 1 to her attack and defense.
Phantom Walk,Shiori can move through all figures and is never attacked when leaving an engagement.
Shuriken Special Attack,Range 5. Attack: Special. If Shiori is attacking a small or medium figure, roll 3 attack dice for Shuriken Special Attack. If Shiori is attacking a figure of a different size or a destructible object, roll 2 attack dice for Shuriken Special Attack.
Swamp Water Strength,When a Marro Drudge is on a swamp water space, add 1 to its attack and defense.
Swamp Water Tunnel,If a Marro Drudge ends its normal movement on a swamp water space, you may immediately place it on any empty same-level swamp water space within 5 spaces. If a Marro Drudge is engaged when it starts to tunnel, it will take any leaving engagement attacks.
Hive Mind,After revealing an Order Marker on this Army Card, you may take a turn with any small or medium common Marro Squad you control before taking a turn with Marro Hive. Any figure that is taking a turn must be within 12 clear sight spaces of Marro Hive, prior to its movement.
Marro Rebirth,After taking a turn with Marro Hive, you may roll the 20-sided die. if you roll a 13 or higher, you may place any previously destroyed common Marro Squad figure from your army on an empty space adjacent to Marro Hive.
Hivelord Life Bonding,Before taking a turn with Marrden Nagrubs, you may first take a turn with any Hivelord you control. Before moving the chosen Hivelord, you may destroy one adjacent Marrden Nagrub you control. If you destroy a Marrden Nagrub with Hivelord Life Bonding, remove 1 wound marker from the chosen Hivelord's Army Card.
Climb X2,When moving up or down levels of terrain, Marrden Nagrubs may double their Height.
Stinger Drain,After moving and before attacking, you may roll the 20-sided die. If you roll a 1-4, you must destroy a Marro Stinger you control and you cannot attack this turn. If you roll a 5-9, add 0 to the attack value of this card. If you roll a 10 or higher, add 1 to the attack value of this card.
Trample Stomp,At any point while moving, Tor-Kul-Na may choose a small or medium figure that is adjacent, on the same level, and on a space where Tor-Kul-Na may end his movement. Roll the 20-sided die. If you roll 1-7, the figure is safe and Tor-Kul-Na's movement ends. If you roll 8-20, the chosen figure receives one wound. If the wound destroys the figure, move Tor-Kul-Na onto the space occupied, and you may continue Tor-Kul-Na's movement. If the chosen figure is not destroyed, Tor-Kul-Na's movement ends. Tor-Kul-Na must be on a space where he can end movement each time he uses this power.
Turn Undead Special Attack,Range 4. Attack 4. Turn Undead Special Attack can be used only to attack Undead figures.
Protection From Evil Aura,All small or medium figures you control within 3 clear sight spaces of Ana Karithion add 1 to their defense dice when rolling defense against an attack from a figure who follows Utgar. Ana Karithon's Protection from Evil Aura does not affect Ana Karithon.
Healing Word,After revealing an Order Marker on a wounded small or medium Hero figure you control that is adjacent to Ana Karithon, and before using any other special powers on any Army Card or Treasure Glyph, you may first roll the 20-sided die. If you roll a 1 - 12 nothing happens. If you roll a 13 or higher, remove up to 2 wound markers from that Hero's Army Card.
+2 Broadsword,If Tandros Kreel is attacking an adjacent figure, add 2 dice to Tandros Kreel's attack.
Cleave,When Tandros Kreel attacks an adjacent figure, you may choose one Squad figure that is also adjacent to Tandros Kreel. If the defending figure recieves any wounds from Tandros Kreel's attack, the chosen figure recieves one wound.
Combat Challenge,If an opponent's figure that is adjacent to Tandros Kreel attacks with a normal or special attack, it must attack Tandros Kreel.
Fire Blast Special Attack,Range 5. Attack: Special. Each time you attack with Erevan Sunshadow's Fire Blast Special Attack, you may choose to roll 2, 3, or 4 attack dice. If a skull is rolled on every die, you may attack again with Erevan Sunshadow' Fire Blast Special Attack. You may continue attacking with Erevan Sunshadow's Fire Blast Special Attack until you do not roll a skull on every die.
Fey Step,Once per game Erevan Sunshadow may use Fey Step. Before moving normally with Erevan Sunshadow, you may place him on any empty space within 5 spaces of his current location. If Erevan Sunshadow is engaged when he uses Fey Step, he will not take any engagement attacks.
Sneak Attack 2,If Darrak Ambershard is attacking an opponent's figure adjacent to at least one other figure you control, add 2 dice to Darrak Ambershard's attack.
Disarm Traps,When you roll the 20-sided die for a treasure glyph trap with Darrak Ambershard, you may add 4 to your die roll.
Hide in Darkness,If Darrak Ambershard is attacked with a normal attack and at least one skull is rolled, roll the 20-sided die. If Darrak Ambershard is on a Dungeon space, add three to your die roll. If he is on a Shadow space, add 6 to your die roll. If you roll a 1-15, roll defence dice normally. If you roll a 16 or higher, ignore all damage that would be inflicted by the attack.
Lolth's Wrath Special Attack,Range: Special. Attack 3. Choose a Drow figure you control that is within 5 clear sight spaces of Pelloth and roll 3 attack dice. One at a time for each skull rolled, you may inflict 1 wound on any small or medium figure that is within 2 clear sight spaces of the chosen Drow figure. You may inflict more than 1 wound on a single figure using Lolth's Wrath Special Attack. Figures affected by Lolth's Wrath Special Attack cannot roll any defense dice. After attacking with Lolth's Wrath Special Attack, destroy the chosen Drow figure.
Lurk In Shadows,If Pelloth is on a shadow space, opponents' figures must be adjacent to attack him with a normal attack.
Blood Frenzy,When attacking with this Feral Troll, it receives 1 additional attack die for each Wound Marker on the defending figure's Army Card, for a maximum of 3 additional attack dice for Blood Frenzy.
Regenerate,After taking a turn with this Feral Troll, remove 1 Wound Marker from this Feral Troll's army card.
Poison Weapons,Each time a Deepwyrm Drow attacks a small, medium, or large Hero with a normal attack or a leaving engagement attack and inflicts at least 1 wound, roll the 20-sided die. If you roll a 1-11, nothing happens. If you roll a 12 or higher, add 1 additional wound to the defending figure.
Smoke Powder 13,When any Nakita Agent you control, or any figure you control that is adjacent to any Nakita agent you control, is targeted for a normal attack from a non-adjacent opponent, you may roll the 20-sided die. If you roll a 13 or higher, all Nakita Agents you control, and all figures you control that are adjacent to those Nakita Agents, no longer have any visible hit zones for the duration of the targeting figure’s turn.
Engagement Strike 15,If an opponent’s small or medium figure moves adjacent to a Nakita Agent, roll the 20-sided die. If you roll a 15 or higher, the opponent’s figure receives a wound. Figures may only be targeted as they move into engagement with a Nakita Agent.
Gorillinator Movement Bonding,Before taking a turn with Nakita Agents, you may move 3 Gorillinators you control up to 7 spaces each.
Gladiator Inspiration:,If all Order Markers for a round are placed on Gladiator Army Cards, and at least one Order Marker is placed on Spartacus, then all Gladiators you control (except Spartacus) become inspired. Inspired Gladiators add one to their Move number and add 1 extra attack die and defense die for the rest of the round.
One Shield Defense,When rolling defense dice, if Crixus rolls at least one shield, the most wounds Crixus may take for this attack is one.
Net Trip 14,After moving and before attacking, roll the 20-sided die. If you roll a 14 or higher, any small or medium figure attacked by Retiarius this turn may roll no more than 1 die for defense.
Disappearing Ninja,If a Ninja of the Northern Wind is attacked with a normal attack and at least 1 skull is rolled, roll the 20-sided die to disappear. If you roll 1-11, roll defense dice normally. If you roll a 12 or higher, that Ninja of the Northern Wind takes no damage and instead may move up to 4 spaces. Ninjas of the Northern Wind can disappear only if they end their disappearing move not adjacent to any enemy figures.
Charging Assault,Any or all Kozuke Samurai may add 3 to their Move number as long as they are unengaged prior to moving. Kozuke Samurai must be able to move adjacent to an opponent’s figure in order to use Charging Assault.
Gladiatron Movement Bonding,Before taking a turn with Blastatrons, you may move 4 Gladiatrons you control up to 5 spaces each.
Homing Device,When attacking a non-adjacent figure, add 1 attack die for every Soulborg who follows Vydar who you control that is adjacent to the defending figure.
Maul,When rolling attack dice against a small or medium figure, if a Deathstalker rolls a skull on every die, the defending figure receives a wound for every skull, and cannot roll any defense dice.
Defensive Agility,When a Warrior of Ashra rolls defense dice against a normal attack from an adjacent figure, one shield will block all damage.
Scatter,After a Deathreaver you control rolls defense dice against a normal attack from an opponent’s figure, you may move any 2 Deathreavers you control up to 4 spaces each.
Quick Release Special Attack,Range 4. Attack 4. When Kaemon Awa attacks with his Quick Release Special Attack, he may attack one additional time.
Warrior's Swiftness Spirit,When Eldgrim is destroyed, you may place this figure on any unique Army Card. Eldgrim's Spirit adds 1 to the move number on that card.
Gift of the Empress Aura,When you roll defense dice for any Kyrie that you control who follows Einar and is within 5 clear sight spaces of Empress Kiova, you may re-roll all defense dice that did not show shields. Gift of the Empress Aura can be used only once for each defense roll. Empress Kiova's Gift of the Empress Aura does not affect Empress Kiova.
Mind Shackle 19,After moving and before attacking, you may choose any unique figure adjacent to Kee-Mo-Shi. Roll the 20-sided die. If you roll a 19 or 20, take control of the chosen figure and that figure's Army Card. You now control that Army Card and all figures on it. Remove any Order Markers on the chosen figure's Army Card. If Kee-Mo-Shi is destroyed, you retain control of any previously Mind Shackled Army Cards.
Toxic Skin,After attacking, you must roll the 20-sided die once for each figure adjacent to Kee-Mo-Shi. If you roll a 17 or higher, that figure receives one wound. Soulborgs are not affected by Toxic Skin.
Helm of Mitonsoul Aura,After moving and before attacking, Runa may use her Helm of Mitonsoul Aura. When using the Helm of Mitonsoul Aura, you must roll the 20-sided die for all figures within 3 clear sight spaces of Runa, one at a time. If you roll a 20, destroy the figure. Runa's Helm of Mitonsoul Aura does not affect Runa.
Soul Devour,Before moving, each Shade of Bleakwoode you control may choose an adjacent unique hero. Roll the 20-sided die once for each Shade. If you roll 19 or 20, destroy the Shade of Bleakwoode figure, then take control of the chosen unique hero and remove any Order Marker on its card. You now control that Army Card.
Horde Movement,You may move up to 6 Zombies of Morindan that you control each turn. However, you may attack with only 3 Zombies of Morindan. You may attack with any 3 Zombies of Morindan, even Zombies of Morindan that you did not move this turn.
Zombie Onslaught Special Attack,Range 1. Attack 6. Three Zombies of Morindan on the same level may combine their attacks and roll their attack dice as one attack. All Zombies of Morindan in the attack must be engaged to the targeted figure.
Zombies Rise Again,If a Zombie of Morindan that you control destroys an opponent's small or medium figure, replace that figure immediately, if possible, with one of your own previously destroyed Zombies of Morindan. Newly placed Zombies of Morindan cannot attack this turn. Undead are not affected by Zombies Rise Again.
Life Drain, Each time Cyprien Esenwein destroys a figure, you may remove a wound marker from this Army Card. Cyprien Esenwein cannot Life Drain Destructible Objects.
Chilling Touch,After moving and before attacking, Cyprien Esenwein may attempt a Chilling Touch. To do this, choose a figure adjacent to Cyprien Esenwein and roll the 20-sided die. If you roll 1-12, nothing happens. If you roll 13-15, the chosen figure receives 1 wound. If you roll 16-17, the chosen figure receives 2 wounds. If you roll 18-19, the chosen figure receives 3 wounds. If you roll a 20 or higher, the chosen figure receives 6 wounds. Cyprien Esenwein’s Chilling Touch does not affect Soulborgs or Destructible Objects.
Eternal Strength,Anytime you roll the 20-sided die for Cyprien Esenwein’s Chilling Touch, you may add 2 to your die roll.
Eternal Heartbreak,If you control Cyprien Esenwein and he is destroyed, Sonya Esenwein immediately receives 2 wounds.
Evisceraxe Special Attack,Range 1. Attack 5. The Evisceraxe Special Attack cannot be used on small figures.
Guard Leadership,All Guards you control move one additional space.
Vanish 9,If Isamu is attacked and at least 1 skull is rolled, roll the 20-sided die to vanish. If you roll 1-8, roll defense dice normally. If you roll a 9 or higher, Isamu takes no damage and may immediately move up to 4 spaces. Isamu can vanish only if he ends his vanishing move not adjacent to any enemy figures.
Dishonorable Attack,When attacking a figure who follows Jandar, Isamu rolls 2 additional attack dice.
Strength of Oak Aura 1,All friendly Elves adjacent to Kyntela Gwyn add 1 to their defense dice.
Summon the Rechets of Bogdan,After taking a turn with Iskra Esenwein, you may attempt to summon the Rechets of Bogdan if they are in your army and they have not yet been successfully summoned. Roll the 20-sided die. If you roll a 14 or higher, you must place all 3 Rechets of Bogdan on empty spaces within 6 clear sight spaces of Iskra Esenwein. Any Rechets of Bogdan that you cannot place on the battlefield are immediately destroyed and cannot be summoned again. When the Rechets of Bogdan are summoned, you may immediately take a turn with them.
Iskra's Summoning,Rechets of Bogdan do not start the game on the battlefield. They must be summoned onto the battlefield by Iskra Esenwein.
Lethal Sting,When rolling attack dice against a small or medium figure, if a Rechet of Bogdan rolls a skull on every die, the defending figure cannot roll any defense dice and is immediately destroyed.
Eternal Hatred,After revealing an order marker on this card, you must roll the 20-sided die. If you roll a 17 or higher, choose an opponent. That opponent will now control Marcu Esenwein for the remainder of your turn, but will not be able to view any unrevealed order markers on his card. At the end of that turn, control of Marcu returns to you. All order markers and figures that were on Marcu’s Army Card will stay on his Army Card.
Encircle Special Attack,Range 1. Attack 6. If 3 Ashigaru Yari you control are adjacent to the same enemy figure, they may roll their attack dice as one combined attack. The defending figure compares height to the lowest Ashgaru Yari to determine any height advantage. If Encircle Special Attack is used, the 4th figure that moved this turn cannot attack.
Galloping Charge,A Templar Cavalry Knight receives 2 additional dice when attacking any figure that was at least 4 hexes away at the start of his turn.
Dismiss the Rabble,When rolling defense dice against adjacent small or medium Squad figures, Templar Cavalry Knights receive 1 additional defense dice.
Righteous Smite,When attacking an opponent's figure who follows Utgar; Templar Cavalry receive 1 additional attack die.
Knight's Courage,Add 1 to Sir Dupuis' attack dice for every Knight you control within 4 clear sight spaces of Sir Dupuis up to a maximum of +3 dice.
Tactical Disengagement 7,When Sir Dupuis receives one or more wounds from a leaving engagement attack, immediately roll the 20-sided die. If you roll a 7 or higher, ignore any wounds from that leaving engagement attack.
Chalice of Fortitude,If Sir Dupuis has 4 or more wounds on his Army Card, add 1 to his defense dice.
Saber Storm Special Attack,Range 1. Attack 1, 2 or 3. Moriko starts each turn with 6 attack dice. Choose any adjacent figure and attack by rolling 1, 2 or 3 attack dice. Moriko may keep making special attacks with 1, 2 or 3 attack dice until she has rolled all 6 attack dice. Moriko may target the same or different figures with each attack.
Kato Katsuro's Command,Instead of taking a turn with Kato Katsuro, you may take a turn with one of the following that you control:1 Samurai Hero, or 1 Samurai Squad, or 1 Ashigaru Riflemen Squad and/or 1 Ashigaru Spearmen Squad. You may choose which Squad to activate first.Any figure in the above list that is taking a turn instead of Kato Katsuro must be within clear sight of Kato Katsuro before moving.
Tricky Speed 4,If Otonashi starts her turn adjacent to any figure you control with a "Tricky" personality, she may move 4 additional spaces.
Attack the Wild 2,When attacking a figure who has a "Wild" personality, Otonashi rolls 2 additional attack dice.
Fire Strike Special Attack,Range 6. Attack 2 + Special. When Chadris attacks with Fire Strike Special Attack add 1 to Chadris' attack dice for every additional Elf Wizard you control within 3 clear sight spaces of Chadris, up to a maximum of +3 dice.
Mind Link,Instead of taking a turn with Ulginesh, you may take a turn with up to 2 different Elf Wizards you control. Ulginesh cannot be one of the 2 Elf Wizards. Any Elf Wizard that is taking a turn instead of Ulginesh must be within 6 clear sight spaces of Ulginesh before moving.
Rain of Flame Special Attack,Range 7. Attack 1 + Special. Choose a figure to attack. Any figures adjacent to the chosen figure are also affected by the Rain of Flame Special Attack. Add 1 to Jorhdawn's attack dice for every additional Elf Wizard you control within 3 clear sight spaces of Jorhdawn, up to a maximum of +3 dice. Roll attack dice once for all affected figures. Each affected figure rolls defense dice separately. Jorhdawn cannot be affected by her own Rain of Flame Special Attack.
Elven Summoning Spell,After moving and before attacking, you may roll the 20-sided die. Add the number of Elves you control adjacent to Emirroon to your die roll. If you roll 1-4, nothing happens. If you roll 5-11, you may place 1 Elf you control adjacent to Emirroon. If you roll 12-17, you may place up to 2 Elves you control adjacent to Emirroon. If you roll 18-20, you may place up to 3 Elves you control adjacent to Emirroon. If the summoned Elves are engaged, they will not take any leaving engagement attacks. Emirroon cannot summon an Elf that he is already adjacent to.
Staff of Lerkintin,When defending with Arkmer, add as many defense dice as the number of Elves you control adjacent to Arkmer.
Engagement Strike 13,If an opponent's small or medium figure moves, adjacent to Arkmer, roll the 20-sided die. If you roll a 13 or higher, the opponent's figure receives one wound. Figures may be targeted only as they move into engagement with Arkmer.
Bayonet Attack 1,When rolling attack dice against an adjacent figure, a Soldier in the 10th Regiment of Foot adds 1 to his attack dice. A Soldier in the 10th Regiment of Foot can only use Bayonet Attack if he moved at least one space this turn.
Darklord Bonding,Before taking a turn with Wolves of Badru, you may first take a turn with any Darklord you control.
Climb 2X,When moving up or down levels of terrain, Wolves of Badru may double their height.
Pounce Special Attack,Range3. Attack5. A Wolf of Badru that moved but did not attack normally may use Pounce Special Attack. To pounce, choose a non-adjacent small or medium figure whose base is not higher or lower than 5 levels from the base of the attacking Wolf. If the figure is destroyed, immediately place the attacking Wolf on the space the figure occupied. If the figure is not destroyed, destroy the attacking Wolf.
Marro Warlord Bonding,Before taking a turn with Grok Riders, you may first take a turn with any Marro Warlord you control.
Mark of the Warlord,When attacking a figure that is adjacent to any Marro Warlord, Grok Riders add 2 to their attack dice.
Grok Training,Marro Hive cannot rebirth Grok Riders with its rebirth special power.
Kyrie Leadership,All Kyrie you control, except Atlaga, move one additional space.
Ullar's Bolt of the Witherwood,After moving and before attacking with Atlaga, you may choose any opponent's figure within 5 clear sight spaces of Atlaga. Roll the 20-sided die. If you roll a 1 - 15, nothing happens. If you roll a 16 or higher, the chosen figure is destroyed. Atlaga may attempt to use this power only once per game.
Mind Blast Special Attack,Range 3. Attack 3. Tul-Bak-Ra does not need clear line of sight to attack with the Mind Blast Special Attack.
Teleportation,Instead of moving Tul-Bak-Ra normally, you may choose any empty space that is on the same level and within 10 spaces of Tul-Bak-Ra. Place Tul-Bak-Ra on the chosen space. When Tul-Bak-Ra starts to teleport, if he is engaged he will not take any leaving engagement attacks.
Teleport Reinforments,When Tul-Bak-Ra receives one or more wounds from an opposing figure's Normal or Special attack but is not destroyed, you may choose one friendly Marro Squad figure for every wound Tul-Bak-Ra just received. Place the chosen figure(s) on any empty space(s) adjacent to Tul-Bak-Ra. If the teleported figure(s) are engaged, they will not take any leaving engagement attacks.
Tracking,While moving, Brave Arrow may add 2 to his move number. If he does, he cannot attack this turn.
Scout Melee Attack Enhancement,All friendly scouts adjacent to Brave Arrow receive an additional attack die when attacking a figure adjacent to them.
Concealment 10,If Brave Arrow is targeted and receives one or more wounds from an attacking figure who is not adjacent, you must roll the 20-sided die. Count the minimum number of spaces between the attacker and Brave Arrow. Add this number to your die roll. If you roll a 10 or higher, ignore any wounds Brave Arrow just received.
Ninjutsu Barrage Special Attack,Range 1. Attack 3. Instead of moving and attacking normally with Kumiko, you may move Kumiko up to 3 spaces. Kumiko can attack up to 3 times with Ninjutsu Barrage Special Attack at any point before, during, or after this move as long as Kumiko is on a space where she could end her movement. Kumiko cannot attack the same figure more than once on a single turn.
Cell Divide,When a Marro Divider you control receives one or more wounds from a Normal or Special Attack by an opponent's figure, you may roll the 20-sided die before removing that figure. If you roll a 17 or higher, ignore any wounds that figure just received and, if possible, place one of your previously destroyed Marro Dividers on a same-level space adjacent to the defending Marro Divider.
Self Replicating,Marro Hive cannot rebirth Marro Dividers with its Marro Rebirth special power.
Combined Arbalest,When attacking with a Protector of Ullar, roll 1 additional attack die for each wound that has been inflicted on the defending figure this turn by Protectors of Ullar you control.
Dwarven Strategic Bonding,Before taking a turn with The Axegrinders of Burning Forge, you may first take a turn with any Dwarf Hero you control. If you do not take a turn with any Dwarf Hero you control, add 2 to the Axegrinder's movement number.
Fearless Advantage,An Axegrinder of Burning Forge rolls an additional die when attacking or defending against large or huge figures.
Circuitry Overload,After moving and before attacking, you must roll the 20 sided die once for each Soulborg figure adjacent to any Omnicron Repulsors you control. If the figure is a squad figure and you roll a 13 or higher, destroy that figure. If the figure is a Hero figure and you roll a 16 or higher, that figure receives a wound. Omicron Repulsors are not affected by Circuitry Overload.
Targeting Beacon,When attacking a non-adjacent figure, all Soulborgs you control who follow Jandar add 1 extra die to their attack if at least one Omnicron Repulsor is adjacent to the defending figure.
EMP Response,If an Omnicron Repulsor you control successfully defends an attack by a Soulborg figure, you must roll the 20 sided die. If you roll a 14 or higher, the attacking figure must immediately end its turn and all order markers must be removed from its Army Card (or cards if your opponent has more than one).
Battle Fury,If a Mohican Rive Tribesman is engaged, add 1 to his attack dice and 2 to his defense dice.
War Cry,After taking a turn with the Mohican River Tribe, if at least two Mohican River Tribesmen you control are engaged, you may immediately take a turn with one Unique Tribesman Hero you control.
Concealment 19,If a Mohican River Tribesman is targeted and receives one or more wounds from an attacking figure who is not adjacent, you must roll the 20-sided die. Count the minimum number of spaces between the attacker and the Mochican River Tribesman. Add this number to your die roll. If you roll a 19 or higher, ignore any wounds the Mohican River Tribesman just received.
Human Gladiator Bonding,Before taking a turn with the Capuan Gladiators, you may first take a turn with any Human Gladiator Hero you control.
Initiative Advantage,If all of your Order Markers are on Gladiator Army Cards, you may add 1 to your initiative roll for every Order Marker on the Capuan Gladiators' Army Card, up to a maximum of +3 for Initiative Advantage.
Blind Rage Special Attack,Range 1. Attack 3. If Sir Hawthorne rolls at least 2 skulls with his Blind Rage Special Attack, Sir Hawthorne may attack again with his Blind Rage Special Attack. Sir Hawthorn may continue to attack with his Blind Rage Special Attack until he rolls fewer than 2 skulls.
Stab in the Back,After you take a turn with Sir Hawthorne, you must roll the 20-sided die. If you roll a 1, choose an opponent. That opponent now controls Sir Hawthorne. Remove any order markers on this Army Card, then give the card to that opponent.
Orc Defensive Aura 1,All Orc figures within 4 clear sight spaces of Nerak add 1 to their defense dice. Nerak's Orc Defensive Aura does not affect Nerak.
Snow Strength,Add 1 to Nerak's attack and defense while on a snow space.
Evasive 8,When an Elite Onyx Viper rolls defense dice against an attacking figure who is not adjacent, add 8 defense dice to the defending Viper.
Rock Throw,If a Granite Guardian has a height advantage on an opponent's figure, it may add 2 to its range when attacking that figure.
Landslide,A Granite Guardian with a height advantage on an adjacent opponent's figure rolls an additional attack die when attacking that figure.
Gain High Ground,After taking a turn with Granite Guardians, you may move each Granite Guardian you control up to 1 space. This space may be up to 4 levels higher.
Feral Rage,When a Quasatch Hunter attacks, it may attack up to 2 additional times. A Quasatch Hunter cannot attack the same figure more than once per turn.
Techno Hatred,When attacking a Soulborg figure, Quasatch Hunters receive one additional attack die.
Jungle Tracking,If a Quasatch Hunter starts its turn next to an Evergreen Tree or a Jungle Piece, it may move 2 additional spaces.
Earth Slam Special Attack,Range 1. Attack 3. Any non-flying figures adjacent to this Earth Elemental are affected by Earth Slam Special Attack. Roll attack dice once for all affected figures. Each figure rolls defense separately.
Underground Movement,Instead of moving normally with an Earth Elemental, you may immediately place it on any empty non-water space that is within 4 spaces of that Earth Elemental and is no higher than 1 level above that Earth Elemental's height or 3 levels below that Earth Elemental's base. If an Earth Elemental is engaged when it starts its Underground Movement, it will take any leaving engagement attacks.
Searing Intensity,After moving and before attacking, you must roll the 20-sided die once for each figure adjacent to at least one Fire Elemental you control. If you roll a 14 or higher, that figure receives 1 wound. Figures with the Lava Resistant special power are not affected by Searing Intensity.
Negative Element,A Fire Elemental can never roll defense dice while it is on a water space.
Water Mastery,While a Water Elemental is on a water space, add 1 to its Attack and Defense.
Water Tunnel,If a Water Elemental ends its normal movement on a water space, you may immediately place it on any empty same-level water space that is within 5 spaces. If a Water Elemental is engaged when it starts its Water Tunnel, it will not take any leaving engagement attacks.
Swirling Vortex,When an opponent's small or medium figure moves onto a space within 2 clear sight spaces of an Air Elemental you control, that figure must end its move there. Figures can never move through any figure affected by Swirling Vortex.
Air Mastery,Figures that have the Flying or Stealth Flying special power subtract 1 from their defense dice when attacked by an Air Elemental.
Talon Grab,While this Wyvern is flying, you may choose one opponent's small or medium figure that it passed over this turn. Place the chosen figure on an empty same-level space adjacent to this Wyvern at the end of its move. If the chosen figure is engaged when it is moved by Talon Grab, it will not take any leaving engagement attacks. Figures under overhangs can never be moved by Talon Grab.
Venomous Sting,When rolling attack dice, if this Wyvern rolls a skull on every die, the defending figure can not roll defense dice. Venomous Sting does not affect destructible objects.
Loyalty To The Lizard King,At the start of the game, choose a unique Lizardfolk Hero you control, or a unique large or huge Dragon Hero you control, to be the Greenscale Warriors Lizard King. A Greenscale Warrior rolls 1 additional attack and defense die when its chosen Lizard King is within 2 clear sight spaces. You can choose only one Lizard King for all the Greenscale Warriors you control.
Lizard King Bonding,Before taking a turn with the Greenscale Warriors, you may first take a turn with their chosen Lizard King if it is still under your control.
Chain Grab,After moving and before attacking with a Drow Chainfighter, you may choose one opponent's small or medium figure within 3 clear sight spaces whose base is no more than 6 levels above that Drow Chainfighter's height or 6 levels below that Drow Chainfighter's base. Roll the 20-sided die. If you roll a 9 or higher, place the chosen figure on any empty same-level space adjacent to that Drow Chainfighter. If the chosen figure is engaged when it is moved by Chain Grab, it will not take any leaving engagement attacks.
Ice Cold,While a Greater Ice Elemental is on a water or ice space, that space and all same-level water spaces adjacent to that Greater Ice Elemental are considered normal ice spaces. Figures do not have to stop their movement on normal ice spaces
Ice Spikes 15,If an opponent's figure moves adjacent to this Greater Ice Elemental, roll the 20-sided die. If this Greater Ice Elemental is on at least one ice or snow space, add 2 to your die roll. If you roll a 15 or higher, the opponent's figure recieves 1 wound. Figures can be affected by Ice Spikes only as they move into engagement with this Greater Ice Elemental.
Cold Healing,After taking a turn with this Greater Ice Elemental, if it is on at least one snow or ice space, remove 1 wound marker from this Greater Ice Elemental's Army Card.
Insubstantial 3,A Phantom Knight rolls 3 additional defence dice when rolling defense against a normal attack from a figure who is not adjacent.
Amphibious,While a Sahuagin Raider is on a water space, add 2 to its defense. If a Sahuagin Raider starts its turn on a water space, add 1 to its movement for that turn. A Sahuagin Raider does not have to stop its movement when entering a water space.
Hydra Heads,
Reach,If an opponent's figure is within 2 spaces of this Fen Hydra, and its base is no more than 3 levels above this Fen Hydra's height or 3 levels below this Fen Hyda's base, this Fen Hydra may add 1 to its Range when attacking that figure.
Venom Ray Special Attack,Range 5. Attack 3. If Estivara inflicts at least 1 wound with Venom Ray Special Attack, roll the 20-sided die for Venom Damage. If you roll a 1-9, the defending figure receives no additional wounds for Venom Damage. If you roll a 10-19, add 1 additional wound marker to the defending figure's Army Card and roll again for Venom Damage. If you roll a 20, destroy the defending figure.
Lolth's Judgment Aura,All Arachnid figures you control within 6 clear sight spaces of Estivara roll 1 additional attack die when attacking normally.
Cloud of Darkness,After taking a turn with Estivara, you may roll the 20-sided die. If you roll a 16 or higher, while she remains on that space, Estivara has no visible Hit Zone until the next time you reveal an order marker.
Battle Axe,If Torin is attacking a small or medium figure, add 2 dice to Torin's attack.
Evil Eye Protection,When Torin, or any friendly small or medium Utgar figure adjacent to Torin, rolls defense dice against a normal attack from a non-adjacent attacking figure, all excess shields count as unblockable hits on the attacking figure.
Arcane Bolt Special Attack,Range 5 + Special. Attack 3. The first target of Arcane Bolt Special Attack must be within a Range of 5. After attacking with Arcane Bolt Special Attack, if the defending figure receives at least 1 wound, you may choose a figure that was adjacent to the defending figure at the beginning of that attack and attack that chosen figure with Arcane Bolt Special Attack. You may continue attacking with Arcane Bolt Special Attack in this manner until you fail to inflict a wound. A figure cannot be attacked more than once in a turn with Arcane Bolt Special attack.
Arcane Riposte,When Sharwin Wildborn rolls defense dice against a normal attack, all excess shields count as unblockable hits on the attacking figure.
Shocking Grasp,When rolling attack dice for a normal attack, Sharwin Wildborn always adds 1 automatic skull to whatever is rolled.
Sky Watcher,If Brandis Skyhunter is attacking a non-adjacent figure that has the Flying or Stealth Flying special power, add 2 dice to Brandis Skyhunter's attack.
Archer's Glory,Each time Brandis Skyhunter destroys an opponent's non-adjacent Unique Hero, you may take another turn with Brandis Skyhunter.
Combat Leader,If at least one order marker is on Mogrimm Forgehammer, you may add 3 to your initiative roll.
Commander's Strike,After moving and before attacking with Mogrimm Forgehammer, you may choose any opponent's figure within 5 clear sight spaces that is engaged with any other figure you control. Roll the 20-sided die. If you roll a 15 or higher, the chosen figure receives 1 wound.
Iron Tough,When rolling defense dice against a Special Attack, this Iron Golem always adds 2 automatic shields to whatever is rolled.
Fledgling Acid Breath,Instead of attacking with a Black Wyrmling, you may choose one small or medium figure within 4 clear sight spaces of it. Roll the 20-sided die. If you roll a 1 - 10, nothing happens. If you roll an 11 - 15, the chosen figure recieves 1 wound. If you roll a 16 or higher, the chosen figure recieves 2 wounds.
Wyrmling Bonding,After revealing an order marker on a Black Wyrmling Army Card, before taking that Black Wyrmling's turn, you may take a turn with one other Wyrmling you control.
Fledgling Ice Shards Special Attack,Range 5. Attack 2. When a White Wyrmling attacks with its Fledgling Ice Shards Special Attack, it may attack 1 additional time. It cannot attack the same figure more than once this turn.
Fledgling Lightning Breath Special Attack,Range 4 + Special. Attack 2. Choose a figure to attack. You may choose one other figure within 3 clear sight spaces of the targeted figure to be affected by Fledgling Lightning Breath Special Attack. Roll attack dice once for both figures. Each figure rolls defense dice separately. Fledgling Lightning Breath Special Attack does not affect destructible objects.
Fledgling Fires Special Attack,Range 5. Attack 3. Common Squad figures roll 2 fewer defense dice against Fledgling Fires Special Attack.
Flail Hurricane,After moving and before attacking with this Ogre Warhulk, you must roll the 20-sided die. If you roll a 1-10, it may attack normally. If you roll an 11 or higher, instead of attacking normally, it must attack each figure adjacent to it, if possible. Roll each attack separately.
Mine!,When you roll the 20-sided die for a Treasure Glyph trap with this Ogre Warhulk, you must subtract 4 from your die roll.
Mob Attack,When attacking with a Goblin Cutter you control, if the defending figure is engaged with at least 2 other Goblin Cutters you control, it subtracts 2 from its defense dice.
Scurry,When a Goblin Cutter you control is destroyed by a normal attack from an opponent's figure, you may move 2 Goblin Cutters you control up to 4 spaces each, and all Goblin Cutters you control no longer have any visible Hit Zones for the duration of the attacking figure's turn while they remain unengaged. Goblin Cutters will never take any leaving engagement attacks when using Scurry.
Scale,When moving up or down levels of terrain, Goblin Cutters may add 2 to their height.
Tactical Switch,When a Warforged Soldier you control attacks an opponent's small or medium figure, you may switch that Warforged Soldier with the defending figure. After switching spaces, the Warforged Soldier must continue that attack, if possible, and cannot attack any other figure this turn. Figures moved by Tactical Switch never take any leaving engagement attacks. An opponent's figure may be moved by Tactical Switch only once per turn.
Warforged Resolve,When rolling defense dice against a normal or special attack, a Warforged Soldier always adds 1 automatic shield to whatever is rolled.
Psionic Blast Special Attack,Range 3 Attack 3. This Mind Flayer Mastermind does not need clear line of sight to attack with Psionic Blast Special Attack. If a figure recieves 1 or more wounds from Psionic Blast Special Attack, remove one unrevealed order marker at random from that figure's Army Card (or cards if your opponent has more than one Common card for that figure).
Enslave 17,When revealing an order marker on this Mind Flayer Mastermind, after taking this Mind Flayer Mastermind's turn, you may choose any Unique Hero figure within 4 clear sight spaces of this Mind Flayer Mastermind. Roll the 20-sided die. If you roll a 17 or higher, take temporary control of the chosen Hero and immediately take a turn with that Hero. At the end of that turn, control of the chosen Hero returns to its previous owner. All order markers that were on the figure's Army Card will stay on the Army Card. Enslave does not affect Mindflayers.
Lycanthropy,This Werewolf Lord starts the game with 3 green Lycanthropy Markers on its Army Card. If an opponent's Unique Hero receives at least 1 wound from this Werewolf Lord, you may place a Lycanthropy Marker on that figure's Army Card. For the duration of the game, that figure loses its Species, Class, and Personality. Instead, it has the following characteristics: Species: Hybrid, Class: Hunter, Personality: Tormented. Lycanthropy never affects Constructs, Lycanthropes, Soulborgs, or Destructible Objects.
Moon Frenzy,After revealing an Order Marker on this Werewolf Lord, before taking this Werewolf Lord's turn, roll the 20-sided die. If you roll an 11 or higher, you may first take a turn with any Hybrid Hero in play. If you take a turn with an oppenent's Hybrid Hero, you control that Hero for the duration of its turn. At the end of its turn, control of the Hybrid Hero returns to its previous owner. All Order Markers that were on the figure's Army Card will stay on the Army Card.
Summon Elemental,After moving and before attacking with Kurrok the Elementalist, you may roll the 20-sided die. If you roll an 11 or higher, you may, if possible, place one of your previously destroyed small or medium Elementals on an empty space within 3 clear sight spaces of Kurrok the Elementalist.
Master of the Elements,After revealing an Order Marker on Kurrok the Elementalist, instead of taking that turn with Kurrok, you may take a turn with up to three small or medium Elementals you control that are within 8 clear sight spaces of Kurrok the Elementalist.
Dragon Breath Special Attack,Range: Special. Attack 3. Choose 3 spaces in a straight line from Rhogar Dragonspine. All figures on those spaces that are in line of sight are affected by Dragon Breath Special Attack. Roll attack dice once for all affected figures. Each figure rolls defense dice separately.
Lay On Hands,After moving and before attacking, you may choose a wounded friendly Hero figure adjacent to Rhogar Dragonspine and roll the 20-sided die. If you roll a 6 or higher, remove 1 wound marker from the chosen figure's Army Card.
Sweeping Sword Special Attack,Range 1. Attack 5. Choose a figure to attack. Any figures adjacent to both Shurrak and the chosen figure are also affected by Sweeping Sword Special Attack. Roll attack dice once for all affected figures. Each figure rolls defense dice separately.
Knockback 14,When a small or meduim figure rolls defense dice and is not destroyed by a normal or special attack from Shurrak, immediately roll the 20-sided die. If you roll a 14 or higher, you may Knockback that figure by placing it on any empty space within 3 clear sight spaces of Shurrak. The space must be on the same level as or lower than its current location. A figure moved by Knockback never takes any leaving engagement attack. A non-flying figure moved lower by Knockback can recieve any falling damage that may apply.
Force Orb Special Attack,Range 5. Attack 3. Choose an opponent's figure to attack. Each opponent's figure adjacent to the chosen figure is also affected by Force Orb Special Attack. Roll attack dice once for all affected figures. Each figure rolls defense dice separately.
Mage Hand,After moving and before attacking with Heirloom, you may choose a Treasure Glyph on an unoccupied space within 4 spaces of Heirloom. You may move that Treasure Glyph onto an empty same-level space adjacent to Heirloom. Symbol-side-up Treasure Glyphs cannot be revealed, and power-side-up Treasure Glyphs must be placed power-side-up when moved by Heirloom.
Shadow Ambush,If Mika Connour starts her turn unengaged and on a shadow space, add 3 to her attack this turn.
Shadow Dance ,If Mika Connour starts her turn on a shadow space, instead of moving normally, you may place her on any other empty shadow space within 8 spaces of her current location. If Mika Connour is engaged when she starts her Shadow Dance, she will take any leaving engagement attacks.
Blend Into Shadow,Mika Connour starts each game with up to 2 shadow tiles on her Army Card (included in expansion pack). If Mika Connour ends her turn on an empty land space, you may place a shadow tile from her Army Card onto the space she occupies if the shadow tile fits normally onto that space.
Taskmaster Bonding,Before taking a turn with the Death Chasers of Thesk, you may first take a turn with any large wild Hero you control.
Orc Battle Rush,At the start of the first round of a game, after all order markers have been placed, you may move all Death Chasers of Thesk you control up to 5 spaces each. They must end their Orc Battle Rush movement on an empty space.
Expendable Rabble ,If a Horned Skull Brute that you control is attacked with a normal attack against an opponent's figure and receives 1 or more wounds, you may destroy a small Goblin figure that you control that is adjacent to that Horned Skull Brute to ignore any wounds that Horned Skull Brute just received. 
Barge Into Battle ,After moving and before attacking, if a Horned Skull Brute you control ends its movement unengaged, you may choose an engaged small or medium friendly squad figure within 3 clear sight spaces of that Horned Skull Brute whose base is no more than 2 levels higher or lower than the base of the Horned Skull Brute. You may switch that Horned Skull Brute with the chosen squad figure. Figures moved by Barge Into Battle never take any leaving engagement attacks.
Poison Cloud,When a Mezzodemon Warmonger attacks a Common figure, add 1 to its attack value.
Exoskeleton,At the start of the game, place 1 copper Exoskeleton marker on a Mezzodemon Warmongers Army Card for each Mezzodemon Warmonger figure in your Army. After a Mezzodemon Warmonger rolls defense dice against a normal attack, you may remove 1 Exoskeleton marker from its Army Card to ignore all wounds inflicted by that attack. Orc Battle Rush
Soul Weapons,Figures attacked by a Death Knight of Valkrill subtract two from their defense dice. Destructible Objects are not affected by Soul Weapons.
Unholy Bonding,Before taking a turn with the Death Knights of Valkrill, you may first take a turn with any small, medium or large relentless Hero you control.
Lumbering Bully,When attacking with this Ogre Pulverizer, all excess shields rolled by the defending figure count as unblockable hits inflicted by the defending figure on this Ogre Pulverizer.
Indomitable,If this Frost Giant of Morh begins its turn unengaged, add 2 to its Move value this turn. If it begins its turn engaged, add 2 to its Attack value this turn.
Battle Frenzy,After attacking with this Frost Giant of Morh, roll the 20-sided die. If you roll a 16 or higher, you may attack again with this Frost Giant of Morh.
Dying Swipe,If this Frost Giant of Morh is attacked with a normal attack by an opponent's figure and receives enough wounds to be destroyed, roll 3 attack dice. One at a time for each skull rolled, you may inflict 1 wound on any figure that is adjacent to this Frost Giant of Morh. Figures affected by Dying Swipe cannot roll any defense dice and can receive more than 1 wound each. After using Dying Swipe, remove this Frost Giant of Morh from the battlefield.
Ice Troll Charge,After moving and before attacking with this Ice Troll Berserker, roll the 20-sided die. If this Ice Troll Berserker is on a snow or ice space, add 3 to your die roll. If you roll a 13 or higher, you may move this Ice Troll Berserker again.
Cold Regenerate,After taking a turn with this Ice Troll Berserker, remove 1 wound marker from this Ice Troll Berserker's Army Card. If it is on a snow or ice space, remove 1 additional wound marker.
Mortal Strike,After attacking an opponent's Unique Hero with this Master of the Hunt's normal attack, roll 1 attack die for each wound inflicted in that attack. For each additional skull rolled, place 1 additional wound Marker on the defending figure's Army Card.
Javelin,After moving and before attacking with this Master of the Hunt, you may roll the 20-sided die. If you roll a 16 or higher, add 3 to this Master of the Hunt's Range value for the duration of its turn.
Thunder Ram Assault Special Attack,Range 1 + Special. Attack 4. Choose a figure to attack. You may also choose up to two other figures within 2 clear sight spaces of the targeted figure to be affected by Thunder Ram Assault Special Attack. Roll attack dice once for all affected figures. Each figure rolls defense dice separately. You can only use Thunder Ram Assault Special Attack if Eltahale was not adjacent to the targeted figure at the start of this turn. You cannot use Thunder Ram Assault Special Attack if you used Thunder Step this turn.
Thunder Step,Instead of moving Eltahale normally, you may choose an opponent's figure within 5 clear sight spaces of Eltahale. Place Eltahale on any empty space adjacent to the chosen figure. For the duration of Eltahale's turn, add 1 to her Attack value. At the end of her turn, roll 1 attack die. If a skull is rolled, place 1 wound marker on Eltahale's Army Card. If Eltahale is engaged when she starts Thunder Step, she will not take any leaving engagement attacks.
Crag of Steel,When revealing a numbered order marker on Siege's Army Card, you may also reveal an "X" order marker that is on Siege's Army Card to activate Crag of Steel for the duration of the round. While Crag of Steel is active, add 3 to Siege's Defense value and subtract 2 from Siege's Attack and Move values. When Siege attacks while Crag of Steel is active, he may attack any or all figures adjacent to him. Roll each attack separately.
Double Assault,When Evar Scarcarver attacks an adjacent figure or destructible object, he may attack one additional time.
Frost Rage,When revealing a numbered order marker on Evar Scarcarver's Army Card, you may also reveal an "X" order marker that is on Evar Scarcarver's Army Card to activate Frost Rage for the duration of the round. While Frost Rage is active, add 1 to Evar Scarcarver's Attack and Defense values for each wound marker on his Army Card.
Burning Breath Special Attack,Range 4 Special. Attack 4. Choose a figure to attack, you may also choose 4 spaces in a straight line from the targeted figure. All figures on those spaces that are within line of sight of Moltenclaw are affected by Burning Breath Special Attack. Roll attack dice once for all affected figures. Each figure rolls defense dice separately, Moltenclaw is not affected by Burning Breath Special Attack
Road Strength,Add 1 to Dumutef Guard's attack and defense while on a road space.
Devourer Attack Enhancement,All friendly Devourers adjacent to a Dumutef Guard receive an additional attack die.
Lava Throw,When an Obsidian Guard is on a molten lava space it may add 2 to its range.
Water Weakness,An Obsidian Guard on a water space rolls 2 fewer defense dice.
Glacier Traverse,If a Dzu-Teh is adjacent to a Glacier Mountain, the Dzu-Teh may Glacier Traverse instead of moving normally. You may do this with any or all Dzu-Teh you control each turn. To Glacier Traverse, move to any unoccupied space adjacent to that Glacier Mountain.
Glacier Camouflage,If a Dzu-Teh is adjacent to a Glacier Mountain, opponents' figures must be adjacent to that Dzu-Teh to attack it with a normal attack.
Snow and Ice Enhanced Movement,Slippery Ice and Heavy Snow only count as 1 space when moving (Whereas other figures would have to count them as 2 spaces).
Climb X3,When moving up or down levels of terrain, Fyorlag Spiders may triple their height.
Entangling Web,After moving and before attacking, you may choose any one small or medium opponent's figure that is engaged with at least three Fyorlag Spiders that you control. Roll the 20-sided die. If you roll a 16 or higher, remove one unrevealed order marker at random from the chosen figure's Army Card (or cards if your opponent has more than one Common Army Card for that figure).
Predator Bonding,Before taking a turn with Fyorlag Spiders, you may first take a turn with any Predator you control.
Master's Influence,All Monk squad figures you control may leap an additional 13 levels up or down when using their Stealth Leap special power. All Monks you control within 2 clear sight spaces of Master Woo add 1 to their attack dice and 1 to their defense dice.
Master's Assault,Master Woo may attack any or all figures adjacent to him. Roll each attack seperately.
Stealth Leap 25,Instead of his normal move, Master Woo may use Stealth Leap 25. Stealth Leap 25 has a move of 3. When counting spaces for Stealth Leap 25, ignore elevations. Master Woo may leap over water without stopping, leap over figures without becoming engaged, and leap over obstacles such as ruins. Master Woo may not leap more than 25 levels up or down in a single leap. If Master Woo is engaged when he starts his Stealth Leap, he will not take any leaving engagement attacks.
Cover Fire,When attacking an opponents figure, if Agent Skahen inflicts one or more wounds, you may move one Tricky figure you control who follows Vydar and is within 8 clear sight spaces of Agent Skahen up to 4 spaces. You cannot use cover fire to move Agent Skahen.
Jandar's Dispatch,After you take a turn with Sir Gilbert, roll 12 Jandar Valkyrie Dice. You may move up to 4 squad figures you control who follow Jandar up to X spaces. X equals the number of Jandar symbols rolled. Any squad figures moved with Jandar’s Dispatch must be within 8 clear sight spaces of Sir Gilbert prior to moving.
Leaf of the Home Tree Aura,When any Elf you control within 8 clear sight spaces of Acolarh receives enough wounds to be destroyed, you may roll 10 Ullar Valkyrie dice before removing the figure. If you roll at least 3 Ullar symbols, ignore any wounds that figure just received. Acolarh’s Leaf of the Home Tree Aura does not affect Acolarh
Ullar's Amulet,All friendly figures who follow Ullar and start their turn adjacent to Acolarh may move 2 additional spaces.
Vydar’s Range Enhancement Aura,All friendly figures with a range of 4 or more who follow Vydar and are within 4 clear sight spaces of Laglor add 2 spaces to their Range number. Vydar’s Range Enhancement Aura does not affect Laglor.
Autoload Special Attack,Range 7. Attack 3. When attacking with Autoload Special Attack, you may roll Vydar Valkyrie Dice. If you roll at least one Vydar symbol, you may attack again using Autoload Special Attack.
Heroic Defense Aura,When defending against a normal attack by an adjacent figure with any Samurai or Ashigaru figures you control within 8 clear sight spaces of Hatamoto Taro, you may roll Einar Valkyrie dice. Each Einar symbol rolled counts as an additional shield. Heroic Defense Aura does not affect Hatamoto Taro.
Adjacent Tough 1,When rolling defense dice for Hatamoto Taro, if Hatamoto Taro is adjacent to at least one figure who follows Einar that you control, add one automatic shield to the defense roll.
Red Flag of Fury Aura,If Order Marker 1 is placed on Ornak, then instead of taking that turn with Ornak, you may take a turn with up to 2 Unique Heroes you control who follow Utgar. Ornak cannot be one of the 2 Unique Heroes. Any Unique Hero that is taking a turn instead of Ornak must be within 8 clear sight spaces of Ornak prior to its movement.
Orc Battle Cry,When attacking with any Orc Warrior figures you control adjacent to Ornak, you may roll Utgar Valkyrie dice. Each Utgar symbol rolled counts for an additional skull.
Fire And Rush Special Attack,Range: Special. Attack: Special. If Samuel Brown begins his turn unengaged, instead of moving normally, he may use his Fire and Rush Special Attack. Choose a figure within 5 spaces of Samuel Brown to attack and roll 3 attack dice. If the defending figure receives one or more wounds from that attack, you may move Samuel Brown up to 5 spaces. If Samuel Brown ends that move engaged, he may attack again by rolling 4 attack dice.
